"TransID","Date","CustomerID","ProductID"
1,2022-09-01,2,2
2,2022-09-01,5,2
3,2022-09-01,9,2
4,2022-09-01,10,1
5,2022-09-01,17,4
6,2022-09-01,20,4
7,2022-09-01,22,1
8,2022-09-01,30,4
9,2022-09-01,35,2
10,2022-09-01,46,4
11,2022-09-01,48,1
12,2022-09-01,49,1
13,2022-09-01,52,4
14,2022-09-01,53,1
15,2022-09-01,54,4
16,2022-09-02,57,3
17,2022-09-02,59,2
18,2022-09-02,62,1
19,2022-09-02,64,3
20,2022-09-02,65,1
21,2022-09-02,69,3
22,2022-09-02,71,2
23,2022-09-02,73,1
24,2022-09-02,80,1
25,2022-09-02,82,2
26,2022-09-02,85,2
27,2022-09-02,91,2
28,2022-09-02,92,2
29,2022-09-03,95,1
30,2022-09-03,99,1
31,2022-09-03,100,1
32,2022-09-03,106,3
33,2022-09-03,110,2
34,2022-09-03,111,1
35,2022-09-03,114,1
36,2022-09-03,117,4
37,2022-09-03,119,3
38,2022-09-03,122,4
39,2022-09-03,123,3
40,2022-09-03,133,3
41,2022-09-03,137,2
42,2022-09-03,139,1
43,2022-09-03,145,3
44,2022-09-03,149,4
45,2022-09-03,150,3
46,2022-09-03,151,2
47,2022-09-04,152,1
48,2022-09-04,154,3
49,2022-09-04,155,3
50,2022-09-04,157,1
51,2022-09-04,158,4
52,2022-09-04,159,1
53,2022-09-04,165,4
54,2022-09-04,166,2
55,2022-09-04,169,2
56,2022-09-04,172,3
57,2022-09-04,173,3
58,2022-09-04,175,3
59,2022-09-04,185,3
60,2022-09-04,187,1
61,2022-09-04,188,1
62,2022-09-04,191,3
63,2022-09-04,192,4
64,2022-09-04,193,1
65,2022-09-04,198,1
66,2022-09-04,201,2
67,2022-09-04,203,1
68,2022-09-04,210,2
69,2022-09-05,212,4
70,2022-09-05,215,1
71,2022-09-05,216,2
72,2022-09-05,218,2
73,2022-09-05,221,4
74,2022-09-05,222,2
75,2022-09-05,223,1
76,2022-09-05,227,4
77,2022-09-05,230,4
78,2022-09-05,233,1
79,2022-09-05,235,3
80,2022-09-05,236,2
81,2022-09-05,237,4
82,2022-09-05,245,1
83,2022-09-05,248,4
84,2022-09-05,249,1
85,2022-09-05,251,1
86,2022-09-05,252,3
87,2022-09-05,253,3
88,2022-09-05,255,3
89,2022-09-06,256,1
90,2022-09-06,258,1
91,2022-09-06,261,1
92,2022-09-06,262,1
93,2022-09-06,263,1
94,2022-09-06,264,3
95,2022-09-06,268,1
96,2022-09-06,271,4
97,2022-09-06,273,2
98,2022-09-06,274,1
99,2022-09-06,275,4
100,2022-09-06,276,1
101,2022-09-06,277,2
102,2022-09-06,279,2
103,2022-09-07,281,3
104,2022-09-07,286,1
105,2022-09-07,290,4
106,2022-09-07,291,2
107,2022-09-07,292,2
108,2022-09-07,293,1
109,2022-09-07,295,2
110,2022-09-07,300,1
111,2022-09-07,301,1
112,2022-09-07,305,3
113,2022-09-07,307,2
114,2022-09-07,310,2
115,2022-09-07,313,4
116,2022-09-07,314,1
117,2022-09-07,317,1
118,2022-09-08,319,1
119,2022-09-08,323,3
120,2022-09-08,325,3
121,2022-09-08,336,1
122,2022-09-08,338,3
123,2022-09-08,339,2
124,2022-09-08,340,1
125,2022-09-08,345,2
126,2022-09-08,348,3
127,2022-09-08,351,2
128,2022-09-08,354,1
129,2022-09-08,361,3
130,2022-09-08,363,2
131,2022-09-08,366,1
132,2022-09-08,368,2
133,2022-09-08,369,4
134,2022-09-08,375,4
135,2022-09-09,377,1
136,2022-09-09,379,1
137,2022-09-09,381,2
138,2022-09-09,382,1
139,2022-09-09,384,4
140,2022-09-09,387,2
141,2022-09-09,389,1
142,2022-09-09,394,2
143,2022-09-09,395,1
144,2022-09-09,402,3
145,2022-09-09,403,3
146,2022-09-09,404,4
147,2022-09-09,407,5
148,2022-09-09,408,1
149,2022-09-09,410,1
150,2022-09-09,413,2
151,2022-09-10,416,1
152,2022-09-10,419,5
153,2022-09-10,421,2
154,2022-09-10,424,3
155,2022-09-10,430,1
156,2022-09-10,439,3
157,2022-09-10,441,3
158,2022-09-10,442,4
159,2022-09-10,448,1
160,2022-09-10,449,2
161,2022-09-10,450,2
162,2022-09-10,451,1
163,2022-09-10,453,4
164,2022-09-10,456,3
165,2022-09-10,457,2
166,2022-09-10,461,2
167,2022-09-10,463,1
168,2022-09-10,469,2
169,2022-09-10,470,1
170,2022-09-10,472,2
171,2022-09-10,473,1
172,2022-09-10,480,3
173,2022-09-10,482,3
174,2022-09-10,483,1
175,2022-09-11,484,2
176,2022-09-11,489,4
177,2022-09-11,495,3
178,2022-09-11,498,1
179,2022-09-11,500,1
180,2022-09-11,501,1
181,2022-09-11,502,1
182,2022-09-11,503,1
183,2022-09-11,504,1
184,2022-09-11,515,2
185,2022-09-11,516,3
186,2022-09-11,525,5
187,2022-09-11,533,1
188,2022-09-11,534,2
189,2022-09-11,540,2
190,2022-09-11,541,2
191,2022-09-11,546,3
192,2022-09-11,547,4
193,2022-09-11,549,2
194,2022-09-12,550,2
195,2022-09-12,553,1
196,2022-09-12,554,4
197,2022-09-12,559,4
198,2022-09-12,561,4
199,2022-09-12,563,2
200,2022-09-12,566,2
201,2022-09-12,567,1
202,2022-09-12,569,4
203,2022-09-13,577,4
204,2022-09-13,583,2
205,2022-09-13,584,2
206,2022-09-13,586,2
207,2022-09-13,589,3
208,2022-09-13,593,2
209,2022-09-13,600,3
210,2022-09-13,601,2
211,2022-09-13,602,2
212,2022-09-13,603,1
213,2022-09-13,604,4
214,2022-09-13,605,2
215,2022-09-13,614,2
216,2022-09-13,616,2
217,2022-09-14,621,4
218,2022-09-14,622,2
219,2022-09-14,627,2
220,2022-09-14,629,1
221,2022-09-15,636,3
222,2022-09-15,639,1
223,2022-09-15,641,1
224,2022-09-15,645,4
225,2022-09-15,647,2
226,2022-09-15,650,1
227,2022-09-15,652,4
228,2022-09-15,654,2
229,2022-09-15,656,2
230,2022-09-15,662,1
231,2022-09-15,663,2
232,2022-09-15,668,1
233,2022-09-15,669,3
234,2022-09-15,673,3
235,2022-09-16,675,1
236,2022-09-16,676,2
237,2022-09-16,678,1
238,2022-09-16,681,2
239,2022-09-16,682,5
240,2022-09-16,683,1
241,2022-09-17,685,4
242,2022-09-17,687,5
243,2022-09-17,689,2
244,2022-09-17,690,3
245,2022-09-17,694,1
246,2022-09-17,698,2
247,2022-09-17,700,4
248,2022-09-17,702,2
249,2022-09-17,704,4
250,2022-09-17,706,4
251,2022-09-17,707,4
252,2022-09-17,709,1
253,2022-09-17,712,1
254,2022-09-17,718,1
255,2022-09-17,720,2
256,2022-09-17,722,1
257,2022-09-17,723,4
258,2022-09-17,727,3
259,2022-09-17,728,1
260,2022-09-17,729,1
261,2022-09-17,730,1
262,2022-09-17,734,1
263,2022-09-17,735,3
264,2022-09-17,736,1
265,2022-09-17,737,1
266,2022-09-18,738,1
267,2022-09-18,741,1
268,2022-09-18,744,4
269,2022-09-18,745,1
270,2022-09-18,746,1
271,2022-09-18,749,4
272,2022-09-18,751,2
273,2022-09-18,752,3
274,2022-09-18,754,3
275,2022-09-18,763,2
276,2022-09-18,770,1
277,2022-09-18,772,2
278,2022-09-18,773,1
279,2022-09-18,774,1
280,2022-09-18,775,3
281,2022-09-18,779,1
282,2022-09-18,781,4
283,2022-09-18,784,2
284,2022-09-18,787,1
285,2022-09-18,789,1
286,2022-09-18,790,1
287,2022-09-18,792,1
288,2022-09-18,794,2
289,2022-09-18,798,2
290,2022-09-19,799,1
291,2022-09-19,800,1
292,2022-09-19,802,3
293,2022-09-19,804,2
294,2022-09-19,806,2
295,2022-09-19,808,4
296,2022-09-19,809,3
297,2022-09-19,812,2
298,2022-09-19,815,2
299,2022-09-19,818,1
300,2022-09-19,819,2
301,2022-09-19,821,1
302,2022-09-19,822,2
303,2022-09-19,823,2
304,2022-09-19,827,1
305,2022-09-20,828,3
306,2022-09-20,830,1
307,2022-09-20,834,3
308,2022-09-20,835,2
309,2022-09-20,836,3
310,2022-09-20,838,2
311,2022-09-20,840,3
312,2022-09-20,841,2
313,2022-09-20,843,2
314,2022-09-21,844,3
315,2022-09-21,853,2
316,2022-09-21,859,4
317,2022-09-21,860,1
318,2022-09-21,866,3
319,2022-09-21,870,1
320,2022-09-21,871,3
321,2022-09-21,872,1
322,2022-09-21,873,2
323,2022-09-21,875,3
324,2022-09-21,876,2
325,2022-09-21,877,2
326,2022-09-21,882,1
327,2022-09-21,884,3
328,2022-09-21,885,1
329,2022-09-22,902,1
330,2022-09-22,904,2
331,2022-09-22,906,1
332,2022-09-22,907,1
333,2022-09-22,908,4
334,2022-09-22,912,4
335,2022-09-22,913,3
336,2022-09-22,915,4
337,2022-09-22,916,3
338,2022-09-22,919,1
339,2022-09-22,923,1
340,2022-09-22,927,2
341,2022-09-23,929,2
342,2022-09-23,932,1
343,2022-09-23,933,1
344,2022-09-23,936,2
345,2022-09-23,937,1
346,2022-09-23,941,1
347,2022-09-23,942,3
348,2022-09-23,945,4
349,2022-09-23,947,2
350,2022-09-23,948,2
351,2022-09-23,949,4
352,2022-09-23,953,1
353,2022-09-23,966,1
354,2022-09-23,967,3
355,2022-09-24,972,4
356,2022-09-24,978,1
357,2022-09-24,980,2
358,2022-09-24,983,2
359,2022-09-24,985,2
360,2022-09-24,986,2
361,2022-09-24,987,3
362,2022-09-24,997,2
363,2022-09-24,998,2
364,2022-09-24,1014,3
365,2022-09-24,1016,1
366,2022-09-24,1020,2
367,2022-09-24,1021,1
368,2022-09-25,1024,1
369,2022-09-25,1025,2
370,2022-09-25,1033,2
371,2022-09-25,1034,3
372,2022-09-25,1036,2
373,2022-09-25,1038,2
374,2022-09-25,1047,1
375,2022-09-25,1051,2
376,2022-09-25,1056,1
377,2022-09-25,1057,1
378,2022-09-25,1058,2
379,2022-09-25,1059,1
380,2022-09-25,1060,1
381,2022-09-25,1062,2
382,2022-09-25,1070,1
383,2022-09-25,1071,4
384,2022-09-26,1075,1
385,2022-09-26,1076,4
386,2022-09-26,1078,2
387,2022-09-26,1079,2
388,2022-09-26,1080,2
389,2022-09-26,1084,4
390,2022-09-26,1085,1
391,2022-09-26,1087,3
392,2022-09-26,1088,4
393,2022-09-26,1096,1
394,2022-09-26,1097,2
395,2022-09-26,1103,2
396,2022-09-26,1109,2
397,2022-09-26,1110,3
398,2022-09-26,1113,2
399,2022-09-26,1114,1
400,2022-09-26,1126,4
401,2022-09-26,1130,1
402,2022-09-26,1131,2
403,2022-09-26,1134,2
404,2022-09-27,1135,1
405,2022-09-27,1139,2
406,2022-09-27,1141,2
407,2022-09-27,1144,3
408,2022-09-27,1148,1
409,2022-09-27,1151,1
410,2022-09-27,1157,2
411,2022-09-27,1159,4
412,2022-09-27,1163,4
413,2022-09-27,1167,3
414,2022-09-27,1168,2
415,2022-09-27,1169,1
416,2022-09-27,1175,1
417,2022-09-27,1180,2
418,2022-09-27,1182,1
419,2022-09-27,1193,1
420,2022-09-27,1194,2
421,2022-09-27,1198,2
422,2022-09-27,1200,1
423,2022-09-27,1203,3
424,2022-09-27,1209,2
425,2022-09-27,1210,4
426,2022-09-28,1212,1
427,2022-09-28,1214,2
428,2022-09-28,1224,2
429,2022-09-28,1226,2
430,2022-09-28,1227,2
431,2022-09-28,1228,4
432,2022-09-28,1230,2
433,2022-09-28,1233,2
434,2022-09-28,1235,2
435,2022-09-28,1236,3
436,2022-09-28,1239,5
437,2022-09-28,1240,3
438,2022-09-28,1244,1
439,2022-09-29,1248,3
440,2022-09-29,1251,3
441,2022-09-29,1253,1
442,2022-09-29,1259,3
443,2022-09-29,1261,3
444,2022-09-29,1263,2
445,2022-09-29,1269,1
446,2022-09-29,1273,4
447,2022-09-29,1275,3
448,2022-09-29,1285,3
449,2022-09-29,1286,3
450,2022-09-29,1289,2
451,2022-09-29,1290,1
452,2022-09-29,1292,2
453,2022-09-29,1300,2
454,2022-09-29,1304,2
455,2022-09-30,1305,1
456,2022-09-30,1306,1
457,2022-09-30,1307,1
458,2022-09-30,1308,1
459,2022-09-30,1314,1
460,2022-09-30,1319,2
461,2022-09-30,1320,1
462,2022-09-30,1324,2
463,2022-09-30,1325,1
464,2022-09-30,1327,2
465,2022-09-30,1338,4
466,2022-09-30,1342,2
467,2022-09-30,1344,4
468,2022-09-30,1348,3
469,2022-09-30,1349,2
470,2022-09-30,1354,2
471,2022-09-30,1355,2
472,2022-09-30,1356,2
473,2022-09-30,1357,2
474,2022-10-01,1363,1
475,2022-10-01,1367,4
476,2022-10-01,1372,3
477,2022-10-01,1373,1
478,2022-10-01,1375,2
479,2022-10-01,1379,2
480,2022-10-01,1386,2
481,2022-10-01,1389,3
482,2022-10-01,1392,2
483,2022-10-02,1394,4
484,2022-10-02,1400,1
485,2022-10-02,1401,2
486,2022-10-02,1405,2
487,2022-10-02,1406,2
488,2022-10-02,1414,2
489,2022-10-02,1416,1
490,2022-10-02,1417,1
491,2022-10-02,1418,2
492,2022-10-02,1419,3
493,2022-10-02,1424,1
494,2022-10-02,1427,1
495,2022-10-02,1431,1
496,2022-10-02,1433,4
497,2022-10-02,1436,3
498,2022-10-02,1442,1
499,2022-10-02,1451,1
500,2022-10-02,1456,2
501,2022-10-02,1457,1
502,2022-10-02,1458,3
503,2022-10-02,1459,1
504,2022-10-02,1460,2
505,2022-10-03,1463,1
506,2022-10-03,1465,2
507,2022-10-03,1466,2
508,2022-10-03,1467,2
509,2022-10-03,1471,1
510,2022-10-03,1472,4
511,2022-10-03,1473,2
512,2022-10-03,1477,1
513,2022-10-03,1478,2
514,2022-10-03,1485,1
515,2022-10-03,1486,2
516,2022-10-03,1489,1
517,2022-10-03,1492,2
518,2022-10-03,1498,3
519,2022-10-03,1501,3
520,2022-10-03,1502,1
521,2022-10-03,1504,1
522,2022-10-03,1505,4
523,2022-10-04,1507,2
524,2022-10-04,1508,1
525,2022-10-04,1509,5
526,2022-10-04,1512,1
527,2022-10-04,1513,2
528,2022-10-04,1515,3
529,2022-10-04,1517,4
530,2022-10-04,1526,1
531,2022-10-04,1529,1
532,2022-10-04,1539,2
533,2022-10-04,1541,1
534,2022-10-04,1542,1
535,2022-10-04,1544,2
536,2022-10-04,1547,1
537,2022-10-04,1549,3
538,2022-10-05,1553,1
539,2022-10-05,1562,3
540,2022-10-05,1564,4
541,2022-10-05,1566,1
542,2022-10-05,1570,2
543,2022-10-05,1571,4
544,2022-10-05,1572,2
545,2022-10-05,1575,2
546,2022-10-05,1579,2
547,2022-10-05,1582,1
548,2022-10-05,1588,2
549,2022-10-05,1589,3
550,2022-10-05,1591,3
551,2022-10-05,1593,2
552,2022-10-05,1594,2
553,2022-10-05,1596,4
554,2022-10-06,1597,3
555,2022-10-06,1605,2
556,2022-10-06,1608,1
557,2022-10-06,1609,1
558,2022-10-06,1615,1
559,2022-10-06,1617,4
560,2022-10-06,1618,3
561,2022-10-06,1621,4
562,2022-10-07,1622,2
563,2022-10-07,1623,2
564,2022-10-07,1624,1
565,2022-10-07,1625,1
566,2022-10-07,1632,3
567,2022-10-07,1635,1
568,2022-10-07,1636,2
569,2022-10-07,1640,1
570,2022-10-07,1642,3
571,2022-10-07,1646,2
572,2022-10-07,1648,4
573,2022-10-07,1655,1
574,2022-10-08,1656,2
575,2022-10-08,1658,1
576,2022-10-08,1667,1
577,2022-10-08,1668,4
578,2022-10-08,1671,3
579,2022-10-08,1676,2
580,2022-10-08,1678,1
581,2022-10-08,1679,3
582,2022-10-08,1681,2
583,2022-10-08,1682,1
584,2022-10-08,1683,2
585,2022-10-08,1686,2
586,2022-10-08,1688,1
587,2022-10-08,1692,2
588,2022-10-08,1696,3
589,2022-10-08,1700,1
590,2022-10-08,1702,2
591,2022-10-08,1705,1
592,2022-10-08,1713,1
593,2022-10-09,1714,3
594,2022-10-09,1716,2
595,2022-10-09,1721,3
596,2022-10-09,1726,4
597,2022-10-09,1727,1
598,2022-10-09,1730,1
599,2022-10-09,1733,1
600,2022-10-09,1744,2
601,2022-10-09,1746,1
602,2022-10-09,1748,1
603,2022-10-09,1753,3
604,2022-10-09,1759,1
605,2022-10-09,1763,3
606,2022-10-09,1765,1
607,2022-10-09,1767,3
608,2022-10-09,1769,2
609,2022-10-09,1770,5
610,2022-10-09,1773,2
611,2022-10-09,1774,2
612,2022-10-09,1775,1
613,2022-10-09,1776,2
614,2022-10-09,1781,1
615,2022-10-09,1782,1
616,2022-10-09,1783,4
617,2022-10-09,1787,1
618,2022-10-10,1788,1
619,2022-10-10,1790,1
620,2022-10-10,1791,2
621,2022-10-10,1792,1
622,2022-10-10,1794,2
623,2022-10-10,1797,2
624,2022-10-10,1808,1
625,2022-10-10,1812,3
626,2022-10-10,1813,1
627,2022-10-11,1815,1
628,2022-10-11,1818,1
629,2022-10-11,1819,2
630,2022-10-11,1821,4
631,2022-10-11,1822,2
632,2022-10-11,1824,4
633,2022-10-11,1825,2
634,2022-10-11,1827,2
635,2022-10-11,1829,3
636,2022-10-11,1836,3
637,2022-10-11,1837,1
638,2022-10-11,1839,2
639,2022-10-11,1840,4
640,2022-10-12,1845,2
641,2022-10-12,1850,2
642,2022-10-12,1851,4
643,2022-10-12,1855,2
644,2022-10-12,1856,1
645,2022-10-12,1858,1
646,2022-10-12,1859,4
647,2022-10-12,1861,1
648,2022-10-12,1864,1
649,2022-10-12,1865,2
650,2022-10-13,1869,2
651,2022-10-13,1875,4
652,2022-10-13,1880,4
653,2022-10-13,1882,3
654,2022-10-13,1883,1
655,2022-10-13,1887,4
656,2022-10-13,1888,3
657,2022-10-13,1892,2
658,2022-10-13,1893,1
659,2022-10-13,1894,2
660,2022-10-13,1897,2
661,2022-10-13,1900,2
662,2022-10-13,1904,4
663,2022-10-14,1909,3
664,2022-10-14,1911,2
665,2022-10-14,1913,1
666,2022-10-14,1916,1
667,2022-10-14,1918,2
668,2022-10-14,1926,1
669,2022-10-14,1927,3
670,2022-10-14,1928,1
671,2022-10-14,1929,2
672,2022-10-14,1930,2
673,2022-10-14,1931,2
674,2022-10-14,1932,2
675,2022-10-14,1934,1
676,2022-10-14,1936,2
677,2022-10-14,1939,1
678,2022-10-14,1942,3
679,2022-10-14,1945,1
680,2022-10-15,1947,1
681,2022-10-15,1949,2
682,2022-10-15,1950,1
683,2022-10-15,1951,2
684,2022-10-15,1953,1
685,2022-10-15,1955,3
686,2022-10-15,1961,2
687,2022-10-15,1965,3
688,2022-10-15,1967,1
689,2022-10-15,1969,3
690,2022-10-15,1971,2
691,2022-10-15,1973,2
692,2022-10-15,1976,1
693,2022-10-15,1978,3
694,2022-10-15,1981,2
695,2022-10-15,1982,1
696,2022-10-15,1986,1
697,2022-10-15,1992,1
698,2022-10-15,1999,1
699,2022-10-15,2003,1
700,2022-10-15,2006,3
701,2022-10-15,2009,1
702,2022-10-15,2012,1
703,2022-10-15,2015,1
704,2022-10-15,2018,2
705,2022-10-16,2021,1
706,2022-10-16,2022,1
707,2022-10-16,2025,3
708,2022-10-16,2027,1
709,2022-10-16,2031,1
710,2022-10-16,2036,2
711,2022-10-16,2038,2
712,2022-10-16,2042,3
713,2022-10-16,2044,1
714,2022-10-16,2049,4
715,2022-10-16,2051,1
716,2022-10-16,2056,2
717,2022-10-16,2061,1
718,2022-10-16,2063,1
719,2022-10-16,2068,4
720,2022-10-16,2070,1
721,2022-10-16,2077,1
722,2022-10-16,2080,1
723,2022-10-16,2085,1
724,2022-10-16,2090,1
725,2022-10-16,2091,1
726,2022-10-16,2099,1
727,2022-10-16,2101,1
728,2022-10-16,2105,1
729,2022-10-16,2107,1
730,2022-10-16,2108,4
731,2022-10-16,2111,1
732,2022-10-16,2113,3
733,2022-10-16,2116,2
734,2022-10-16,2118,1
735,2022-10-17,2123,4
736,2022-10-17,2126,2
737,2022-10-17,2129,3
738,2022-10-17,2132,3
739,2022-10-17,2136,1
740,2022-10-18,2139,2
741,2022-10-18,2140,2
742,2022-10-18,2141,1
743,2022-10-18,2146,1
744,2022-10-18,2149,1
745,2022-10-18,2155,3
746,2022-10-18,2162,1
747,2022-10-18,2163,1
748,2022-10-18,2165,1
749,2022-10-18,2166,1
750,2022-10-18,2172,3
751,2022-10-18,2176,3
752,2022-10-18,2185,1
753,2022-10-18,2187,1
754,2022-10-18,2189,1
755,2022-10-18,2191,3
756,2022-10-18,2193,4
757,2022-10-19,2194,2
758,2022-10-19,2195,2
759,2022-10-19,2197,2
760,2022-10-19,2200,1
761,2022-10-19,2201,2
762,2022-10-19,2204,3
763,2022-10-19,2205,2
764,2022-10-19,2211,4
765,2022-10-19,2212,1
766,2022-10-19,2214,1
767,2022-10-19,2215,2
768,2022-10-19,2216,1
769,2022-10-19,2221,1
770,2022-10-19,2222,2
771,2022-10-19,2223,3
772,2022-10-19,2226,1
773,2022-10-19,2228,2
774,2022-10-19,2229,1
775,2022-10-20,2231,2
776,2022-10-20,2233,2
777,2022-10-20,2239,4
778,2022-10-20,2241,1
779,2022-10-20,2242,3
780,2022-10-20,2243,1
781,2022-10-20,2248,2
782,2022-10-20,2249,2
783,2022-10-20,2250,1
784,2022-10-20,2254,2
785,2022-10-21,2256,3
786,2022-10-21,2258,5
787,2022-10-21,2259,2
788,2022-10-21,2261,4
789,2022-10-21,2264,2
790,2022-10-21,2271,1
791,2022-10-21,2272,4
792,2022-10-21,2274,1
793,2022-10-21,2277,3
794,2022-10-21,2280,2
795,2022-10-21,2281,1
796,2022-10-22,2283,2
797,2022-10-22,2286,4
798,2022-10-22,2291,4
799,2022-10-22,2296,5
800,2022-10-22,2297,1
801,2022-10-22,2298,1
802,2022-10-22,2302,3
803,2022-10-22,2307,1
804,2022-10-22,2313,2
805,2022-10-22,2316,4
806,2022-10-22,2318,1
807,2022-10-22,2321,2
808,2022-10-22,2324,1
809,2022-10-22,2326,3
810,2022-10-22,2329,1
811,2022-10-22,2334,3
812,2022-10-22,2337,4
813,2022-10-22,2338,1
814,2022-10-23,2341,1
815,2022-10-23,2348,2
816,2022-10-23,2349,2
817,2022-10-23,2351,1
818,2022-10-23,2352,2
819,2022-10-23,2355,1
820,2022-10-23,2357,1
821,2022-10-23,2360,2
822,2022-10-23,2361,4
823,2022-10-23,2362,4
824,2022-10-24,2363,3
825,2022-10-24,2370,2
826,2022-10-24,2375,2
827,2022-10-24,2377,1
828,2022-10-24,2379,2
829,2022-10-24,2383,4
830,2022-10-24,2387,3
831,2022-10-24,2389,3
832,2022-10-24,2391,2
833,2022-10-24,2395,1
834,2022-10-24,2396,1
835,2022-10-24,2398,1
836,2022-10-24,2401,1
837,2022-10-24,2404,3
838,2022-10-24,2411,2
839,2022-10-24,2412,2
840,2022-10-25,2417,1
841,2022-10-25,2422,1
842,2022-10-25,2423,4
843,2022-10-25,2425,2
844,2022-10-25,2426,2
845,2022-10-25,2430,1
846,2022-10-25,2431,3
847,2022-10-25,2432,1
848,2022-10-25,2434,2
849,2022-10-25,2440,3
850,2022-10-25,2441,1
851,2022-10-26,2442,3
852,2022-10-26,2443,3
853,2022-10-26,2446,3
854,2022-10-26,2447,2
855,2022-10-26,2450,1
856,2022-10-26,2451,5
857,2022-10-26,2452,2
858,2022-10-26,2453,1
859,2022-10-26,2460,2
860,2022-10-26,2468,1
861,2022-10-26,2473,1
862,2022-10-26,2475,2
863,2022-10-26,2478,1
864,2022-10-27,2479,2
865,2022-10-27,2481,2
866,2022-10-27,2482,1
867,2022-10-27,2483,1
868,2022-10-27,2486,1
869,2022-10-27,2488,2
870,2022-10-27,2491,4
871,2022-10-27,2492,2
872,2022-10-27,2493,1
873,2022-10-28,2494,3
874,2022-10-28,2496,1
875,2022-10-28,2500,1
876,2022-10-28,2504,4
877,2022-10-28,2505,1
878,2022-10-28,2510,1
879,2022-10-28,2511,2
880,2022-10-28,2517,2
881,2022-10-28,2520,2
882,2022-10-28,2523,2
883,2022-10-29,2524,2
884,2022-10-29,2525,2
885,2022-10-29,2526,2
886,2022-10-29,2527,1
887,2022-10-29,2529,1
888,2022-10-29,2531,1
889,2022-10-29,2533,4
890,2022-10-29,2535,4
891,2022-10-29,2536,2
892,2022-10-29,2538,1
893,2022-10-29,2540,2
894,2022-10-29,2543,3
895,2022-10-29,2545,3
896,2022-10-29,2549,1
897,2022-10-29,2550,2
898,2022-10-30,2562,1
899,2022-10-30,2564,1
900,2022-10-30,2569,1
901,2022-10-30,2570,1
902,2022-10-30,2577,1
903,2022-10-30,2585,2
904,2022-10-30,2586,2
905,2022-10-30,2589,2
906,2022-10-30,2590,4
907,2022-10-30,2598,4
908,2022-10-30,2601,1
909,2022-10-30,2602,2
910,2022-10-30,2605,2
911,2022-10-30,2606,2
912,2022-10-30,2611,2
913,2022-10-30,2613,1
914,2022-10-30,2614,1
915,2022-10-30,2620,1
916,2022-10-30,2628,4
917,2022-10-31,2629,4
918,2022-10-31,2631,3
919,2022-10-31,2634,4
920,2022-10-31,2635,1
921,2022-10-31,2636,1
922,2022-10-31,2637,2
923,2022-10-31,2639,1
924,2022-10-31,2641,1
925,2022-10-31,2642,2
926,2022-10-31,2645,1
927,2022-10-31,2648,1
928,2022-10-31,2649,1
929,2022-10-31,2656,1
930,2022-10-31,2657,1
931,2022-11-01,2659,2
932,2022-11-01,2660,1
933,2022-11-01,2665,3
934,2022-11-01,2666,3
935,2022-11-01,2670,1
936,2022-11-01,2672,1
937,2022-11-01,2673,1
938,2022-11-01,2678,1
939,2022-11-01,2679,1
940,2022-11-01,2683,2
941,2022-11-01,2688,4
942,2022-11-02,2691,1
943,2022-11-02,2692,4
944,2022-11-02,2694,3
945,2022-11-02,2695,2
946,2022-11-02,2696,2
947,2022-11-02,2699,3
948,2022-11-02,2703,1
949,2022-11-02,2705,2
950,2022-11-02,2708,4
951,2022-11-02,2710,4
952,2022-11-02,2717,2
953,2022-11-02,2719,1
954,2022-11-02,2720,4
955,2022-11-02,2726,3
956,2022-11-02,2736,2
957,2022-11-02,2739,4
958,2022-11-03,2740,1
959,2022-11-03,2743,4
960,2022-11-03,2744,2
961,2022-11-03,2748,1
962,2022-11-03,2749,2
963,2022-11-03,2750,2
964,2022-11-03,2760,3
965,2022-11-03,2764,4
966,2022-11-03,2766,2
967,2022-11-03,2772,2
968,2022-11-03,2776,2
969,2022-11-03,2778,2
970,2022-11-03,2779,4
971,2022-11-03,2783,3
972,2022-11-03,2784,1
973,2022-11-03,2786,3
974,2022-11-04,2798,2
975,2022-11-04,2800,5
976,2022-11-04,2803,2
977,2022-11-04,2806,2
978,2022-11-04,2809,2
979,2022-11-04,2816,1
980,2022-11-04,2818,4
981,2022-11-04,2820,1
982,2022-11-04,2821,3
983,2022-11-04,2822,1
984,2022-11-04,2824,2
985,2022-11-04,2825,4
986,2022-11-05,2828,1
987,2022-11-05,2830,1
988,2022-11-05,2836,2
989,2022-11-05,2837,3
990,2022-11-05,2839,2
991,2022-11-05,2841,3
992,2022-11-05,2846,2
993,2022-11-05,2849,2
994,2022-11-05,2851,2
995,2022-11-05,2854,4
996,2022-11-05,2858,2
997,2022-11-05,2860,1
998,2022-11-05,2866,4
999,2022-11-05,2871,1
1000,2022-11-05,2874,1
1001,2022-11-05,2876,1
1002,2022-11-05,2879,1
1003,2022-11-05,2880,3
1004,2022-11-05,2881,4
1005,2022-11-05,2882,1
1006,2022-11-05,2885,4
1007,2022-11-05,2886,2
1008,2022-11-05,2889,1
1009,2022-11-05,2893,1
1010,2022-11-05,2895,1
1011,2022-11-06,2901,1
1012,2022-11-06,2904,1
1013,2022-11-06,2907,1
1014,2022-11-06,2911,1
1015,2022-11-06,2912,2
1016,2022-11-06,2914,1
1017,2022-11-06,2916,1
1018,2022-11-06,2920,3
1019,2022-11-06,2922,1
1020,2022-11-06,2923,1
1021,2022-11-06,2928,2
1022,2022-11-06,2929,1
1023,2022-11-06,2937,1
1024,2022-11-06,2939,2
1025,2022-11-06,2940,1
1026,2022-11-06,2941,4
1027,2022-11-06,2946,2
1028,2022-11-06,2947,3
1029,2022-11-06,2950,1
1030,2022-11-06,2953,1
1031,2022-11-06,2955,4
1032,2022-11-06,2959,3
1033,2022-11-07,2961,2
1034,2022-11-07,2966,4
1035,2022-11-07,2969,2
1036,2022-11-07,2973,1
1037,2022-11-07,2976,1
1038,2022-11-07,2982,3
1039,2022-11-07,2986,1
1040,2022-11-07,2987,1
1041,2022-11-07,2988,1
1042,2022-11-07,2989,1
1043,2022-11-07,2992,1
1044,2022-11-07,2995,1
1045,2022-11-07,2997,2
1046,2022-11-08,3000,4
1047,2022-11-08,3005,3
1048,2022-11-08,3006,2
1049,2022-11-08,3008,1
1050,2022-11-08,3010,2
1051,2022-11-08,3018,1
1052,2022-11-08,3021,1
1053,2022-11-08,3024,1
1054,2022-11-08,3025,1
1055,2022-11-08,3027,1
1056,2022-11-08,3028,3
1057,2022-11-08,3029,2
1058,2022-11-08,3038,2
1059,2022-11-08,3040,2
1060,2022-11-08,3041,2
1061,2022-11-08,3043,1
1062,2022-11-08,3044,1
1063,2022-11-08,3046,1
1064,2022-11-08,3050,5
1065,2022-11-08,3051,1
1066,2022-11-08,3057,1
1067,2022-11-08,3058,3
1068,2022-11-09,3059,4
1069,2022-11-09,3064,3
1070,2022-11-09,3065,1
1071,2022-11-09,3070,2
1072,2022-11-09,3073,1
1073,2022-11-09,3079,2
1074,2022-11-09,3080,1
1075,2022-11-09,3081,2
1076,2022-11-10,3087,1
1077,2022-11-10,3094,2
1078,2022-11-10,3103,3
1079,2022-11-10,3107,4
1080,2022-11-10,3109,1
1081,2022-11-10,3111,3
1082,2022-11-10,3114,1
1083,2022-11-10,3117,1
1084,2022-11-10,3121,1
1085,2022-11-10,3123,1
1086,2022-11-10,3126,5
1087,2022-11-10,3127,1
1088,2022-11-10,3128,2
1089,2022-11-10,3133,3
1090,2022-11-10,3135,1
1091,2022-11-10,3137,2
1092,2022-11-11,3138,1
1093,2022-11-11,3139,1
1094,2022-11-11,3147,1
1095,2022-11-11,3151,3
1096,2022-11-11,3153,4
1097,2022-11-11,3155,4
1098,2022-11-11,3157,3
1099,2022-11-11,3158,2
1100,2022-11-11,3159,1
1101,2022-11-11,3160,1
1102,2022-11-11,3161,2
1103,2022-11-11,3174,2
1104,2022-11-11,3175,1
1105,2022-11-11,3177,2
1106,2022-11-11,3180,3
1107,2022-11-11,3181,3
1108,2022-11-11,3182,4
1109,2022-11-12,3188,1
1110,2022-11-12,3194,4
1111,2022-11-12,3198,2
1112,2022-11-12,3202,1
1113,2022-11-12,3203,2
1114,2022-11-12,3221,1
1115,2022-11-12,3225,2
1116,2022-11-12,3226,2
1117,2022-11-12,3228,3
1118,2022-11-12,3230,2
1119,2022-11-12,3234,3
1120,2022-11-12,3236,2
1121,2022-11-12,3244,2
1122,2022-11-13,3249,2
1123,2022-11-13,3250,2
1124,2022-11-13,3252,1
1125,2022-11-13,3253,1
1126,2022-11-13,3257,4
1127,2022-11-13,3259,1
1128,2022-11-13,3262,2
1129,2022-11-13,3265,2
1130,2022-11-13,3269,1
1131,2022-11-13,3272,1
1132,2022-11-13,3273,2
1133,2022-11-13,3275,1
1134,2022-11-13,3277,3
1135,2022-11-13,3283,1
1136,2022-11-13,3289,2
1137,2022-11-13,3290,2
1138,2022-11-13,3291,3
1139,2022-11-13,3295,1
1140,2022-11-13,3298,1
1141,2022-11-14,3300,1
1142,2022-11-14,3303,3
1143,2022-11-14,3304,2
1144,2022-11-14,3306,2
1145,2022-11-14,3326,1
1146,2022-11-14,3327,2
1147,2022-11-14,3330,4
1148,2022-11-14,3332,2
1149,2022-11-14,3336,2
1150,2022-11-14,3342,1
1151,2022-11-14,3344,4
1152,2022-11-14,3345,4
1153,2022-11-14,3346,2
1154,2022-11-14,3347,4
1155,2022-11-14,3349,3
1156,2022-11-14,3366,4
1157,2022-11-14,3370,2
1158,2022-11-14,3372,2
1159,2022-11-14,3375,1
1160,2022-11-15,3377,1
1161,2022-11-15,3379,1
1162,2022-11-15,3384,2
1163,2022-11-15,3386,3
1164,2022-11-15,3391,1
1165,2022-11-15,3393,1
1166,2022-11-15,3404,2
1167,2022-11-16,3405,3
1168,2022-11-16,3407,4
1169,2022-11-16,3409,1
1170,2022-11-16,3413,1
1171,2022-11-16,3414,2
1172,2022-11-16,3421,2
1173,2022-11-16,3422,2
1174,2022-11-16,3426,2
1175,2022-11-16,3432,2
1176,2022-11-16,3446,1
1177,2022-11-16,3450,1
1178,2022-11-16,3451,2
1179,2022-11-16,3454,2
1180,2022-11-16,3456,4
1181,2022-11-16,3460,2
1182,2022-11-16,3462,1
1183,2022-11-16,3467,2
1184,2022-11-16,3468,2
1185,2022-11-17,3471,1
1186,2022-11-17,3474,1
1187,2022-11-17,3475,4
1188,2022-11-17,3478,2
1189,2022-11-17,3481,4
1190,2022-11-17,3482,3
1191,2022-11-17,3484,1
1192,2022-11-17,3485,2
1193,2022-11-17,3489,2
1194,2022-11-17,3491,2
1195,2022-11-17,3495,4
1196,2022-11-17,3496,1
1197,2022-11-17,3497,1
1198,2022-11-17,3499,3
1199,2022-11-17,3503,2
1200,2022-11-17,3505,2
1201,2022-11-17,3509,2
1202,2022-11-18,3514,1
1203,2022-11-18,3515,1
1204,2022-11-18,3521,1
1205,2022-11-18,3523,1
1206,2022-11-18,3526,4
1207,2022-11-18,3535,1
1208,2022-11-18,3538,2
1209,2022-11-18,3539,3
1210,2022-11-18,3541,1
1211,2022-11-18,3544,2
1212,2022-11-18,3545,3
1213,2022-11-18,3552,1
1214,2022-11-19,3565,2
1215,2022-11-19,3571,1
1216,2022-11-19,3574,2
1217,2022-11-19,3575,2
1218,2022-11-19,3577,1
1219,2022-11-19,3578,2
1220,2022-11-19,3579,2
1221,2022-11-19,3585,1
1222,2022-11-19,3592,1
1223,2022-11-19,3597,1
1224,2022-11-19,3598,2
1225,2022-11-19,3600,1
1226,2022-11-19,3601,3
1227,2022-11-19,3607,2
1228,2022-11-19,3610,1
1229,2022-11-19,3612,2
1230,2022-11-19,3613,2
1231,2022-11-19,3615,2
1232,2022-11-19,3618,4
1233,2022-11-19,3621,2
1234,2022-11-19,3623,2
1235,2022-11-20,3625,2
1236,2022-11-20,3627,3
1237,2022-11-20,3629,3
1238,2022-11-20,3630,3
1239,2022-11-20,3634,1
1240,2022-11-20,3638,3
1241,2022-11-20,3642,1
1242,2022-11-20,3647,1
1243,2022-11-20,3651,1
1244,2022-11-20,3659,1
1245,2022-11-20,3664,2
1246,2022-11-20,3666,1
1247,2022-11-20,3667,1
1248,2022-11-20,3668,4
1249,2022-11-20,3670,2
1250,2022-11-20,3672,3
1251,2022-11-20,3682,3
1252,2022-11-20,3684,2
1253,2022-11-21,3701,1
1254,2022-11-21,3707,2
1255,2022-11-21,3711,3
1256,2022-11-21,3716,3
1257,2022-11-21,3717,4
1258,2022-11-21,3721,2
1259,2022-11-21,3726,3
1260,2022-11-21,3728,1
1261,2022-11-21,3735,4
1262,2022-11-21,3740,1
1263,2022-11-21,3744,2
1264,2022-11-21,3745,2
1265,2022-11-21,3747,1
1266,2022-11-21,3755,1
1267,2022-11-21,3761,1
1268,2022-11-21,3764,1
1269,2022-11-21,3765,2
1270,2022-11-21,3769,1
1271,2022-11-21,3771,3
1272,2022-11-21,3775,3
1273,2022-11-21,3776,1
1274,2022-11-21,3778,1
1275,2022-11-21,3782,3
1276,2022-11-22,3785,1
1277,2022-11-22,3786,1
1278,2022-11-22,3791,1
1279,2022-11-22,3797,1
1280,2022-11-22,3799,1
1281,2022-11-22,3802,3
1282,2022-11-22,3806,2
1283,2022-11-22,3809,4
1284,2022-11-22,3810,1
1285,2022-11-22,3811,2
1286,2022-11-22,3815,1
1287,2022-11-23,3816,3
1288,2022-11-23,3818,2
1289,2022-11-23,3819,3
1290,2022-11-23,3824,2
1291,2022-11-23,3830,2
1292,2022-11-23,3831,1
1293,2022-11-23,3832,1
1294,2022-11-23,3834,1
1295,2022-11-23,3846,4
1296,2022-11-24,3853,1
1297,2022-11-24,3858,3
1298,2022-11-24,3859,3
1299,2022-11-24,3862,1
1300,2022-11-24,3865,2
1301,2022-11-24,3866,2
1302,2022-11-24,3878,3
1303,2022-11-24,3880,3
1304,2022-11-24,3884,4
1305,2022-11-24,3889,2
1306,2022-11-24,3893,2
1307,2022-11-24,3895,1
1308,2022-11-25,3896,2
1309,2022-11-25,3897,2
1310,2022-11-25,3898,4
1311,2022-11-25,3906,1
1312,2022-11-25,3909,1
1313,2022-11-25,3911,4
1314,2022-11-25,3913,1
1315,2022-11-25,3914,1
1316,2022-11-25,3917,1
1317,2022-11-26,3925,1
1318,2022-11-26,3927,1
1319,2022-11-26,3929,1
1320,2022-11-26,3931,2
1321,2022-11-26,3932,4
1322,2022-11-26,3935,3
1323,2022-11-26,3938,2
1324,2022-11-26,3939,2
1325,2022-11-26,3946,1
1326,2022-11-26,3952,1
1327,2022-11-26,3953,4
1328,2022-11-26,3967,2
1329,2022-11-26,3968,1
1330,2022-11-26,3970,3
1331,2022-11-26,3975,1
1332,2022-11-26,3976,1
1333,2022-11-27,3979,2
1334,2022-11-27,3982,1
1335,2022-11-27,3983,1
1336,2022-11-27,3985,3
1337,2022-11-27,3986,1
1338,2022-11-27,3987,1
1339,2022-11-27,3992,2
1340,2022-11-27,3994,1
1341,2022-11-27,3995,4
1342,2022-11-28,3997,2
1343,2022-11-28,3999,1
1344,2022-11-28,4000,3
1345,2022-11-28,4001,2
1346,2022-11-28,4004,5
1347,2022-11-28,4005,2
1348,2022-11-28,4006,2
1349,2022-11-28,4009,2
1350,2022-11-28,4011,1
1351,2022-11-28,4013,2
1352,2022-11-28,4015,4
1353,2022-11-28,4018,2
1354,2022-11-28,4024,2
1355,2022-11-29,4027,1
1356,2022-11-29,4028,1
1357,2022-11-29,4029,1
1358,2022-11-29,4030,2
1359,2022-11-29,4031,1
1360,2022-11-29,4032,2
1361,2022-11-29,4035,1
1362,2022-11-29,4039,2
1363,2022-11-29,4040,2
1364,2022-11-29,4045,2
1365,2022-11-29,4046,3
1366,2022-11-29,4047,2
1367,2022-11-30,4048,1
1368,2022-11-30,4050,2
1369,2022-11-30,4051,1
1370,2022-11-30,4052,1
1371,2022-11-30,4057,3
1372,2022-11-30,4061,2
1373,2022-11-30,4062,2
1374,2022-11-30,4064,1
1375,2022-11-30,4069,1
1376,2022-11-30,4072,4
1377,2022-11-30,4078,3
1378,2022-11-30,4080,1
1379,2022-11-30,4086,1
1380,2022-11-30,4087,3
1381,2022-11-30,4088,2
1382,2022-11-30,4092,2
1383,2022-11-30,4093,3
1384,2022-12-01,4094,2
1385,2022-12-01,4095,1
1386,2022-12-01,4098,2
1387,2022-12-01,4103,2
1388,2022-12-01,4104,4
1389,2022-12-01,4107,2
1390,2022-12-01,4120,2
1391,2022-12-01,4121,1
1392,2022-12-01,4122,3
1393,2022-12-01,4123,1
1394,2022-12-01,4125,2
1395,2022-12-01,4126,2
1396,2022-12-01,4127,2
1397,2022-12-01,4129,5
1398,2022-12-01,4131,1
1399,2022-12-01,4134,1
1400,2022-12-01,4136,1
1401,2022-12-01,4137,2
1402,2022-12-02,4140,1
1403,2022-12-02,4147,1
1404,2022-12-02,4148,2
1405,2022-12-02,4149,2
1406,2022-12-02,4150,2
1407,2022-12-02,4152,2
1408,2022-12-02,4153,1
1409,2022-12-02,4156,2
1410,2022-12-02,4161,4
1411,2022-12-02,4163,1
1412,2022-12-02,4166,4
1413,2022-12-02,4168,2
1414,2022-12-02,4169,2
1415,2022-12-02,4172,1
1416,2022-12-02,4180,3
1417,2022-12-02,4181,2
1418,2022-12-02,4187,2
1419,2022-12-02,4189,3
1420,2022-12-03,4190,1
1421,2022-12-03,4191,3
1422,2022-12-03,4199,2
1423,2022-12-03,4200,2
1424,2022-12-03,4203,2
1425,2022-12-03,4204,2
1426,2022-12-03,4205,3
1427,2022-12-03,4208,3
1428,2022-12-03,4212,4
1429,2022-12-03,4213,1
1430,2022-12-03,4214,1
1431,2022-12-03,4215,1
1432,2022-12-03,4220,3
1433,2022-12-03,4221,4
1434,2022-12-03,4222,2
1435,2022-12-03,4223,2
1436,2022-12-03,4224,2
1437,2022-12-03,4226,1
1438,2022-12-03,4238,2
1439,2022-12-03,4240,1
1440,2022-12-03,4241,2
1441,2022-12-03,4242,4
1442,2022-12-03,4247,2
1443,2022-12-03,4251,1
1444,2022-12-04,4272,1
1445,2022-12-04,4277,1
1446,2022-12-04,4279,2
1447,2022-12-04,4281,4
1448,2022-12-04,4282,3
1449,2022-12-04,4283,5
1450,2022-12-04,4286,4
1451,2022-12-04,4292,1
1452,2022-12-04,4299,2
1453,2022-12-04,4300,2
1454,2022-12-04,4301,2
1455,2022-12-04,4307,2
1456,2022-12-04,4313,1
1457,2022-12-04,4314,2
1458,2022-12-04,4318,2
1459,2022-12-04,4321,1
1460,2022-12-04,4324,2
1461,2022-12-04,4326,4
1462,2022-12-04,4327,2
1463,2022-12-04,4329,2
1464,2022-12-04,4330,1
1465,2022-12-04,4333,2
1466,2022-12-05,4334,2
1467,2022-12-05,4335,2
1468,2022-12-05,4339,3
1469,2022-12-05,4341,2
1470,2022-12-05,4342,4
1471,2022-12-05,4343,3
1472,2022-12-05,4345,2
1473,2022-12-05,4352,2
1474,2022-12-05,4353,3
1475,2022-12-05,4354,3
1476,2022-12-05,4356,1
1477,2022-12-05,4358,2
1478,2022-12-05,4360,2
1479,2022-12-05,4361,1
1480,2022-12-06,4363,1
1481,2022-12-06,4365,3
1482,2022-12-06,4366,3
1483,2022-12-06,4370,3
1484,2022-12-06,4371,4
1485,2022-12-06,4378,2
1486,2022-12-06,4381,2
1487,2022-12-06,4385,2
1488,2022-12-06,4386,3
1489,2022-12-06,4387,1
1490,2022-12-06,4388,1
1491,2022-12-06,4389,1
1492,2022-12-06,4392,2
1493,2022-12-06,4393,2
1494,2022-12-06,4395,2
1495,2022-12-07,4397,4
1496,2022-12-07,4399,4
1497,2022-12-07,4400,4
1498,2022-12-07,4406,1
1499,2022-12-07,4412,1
1500,2022-12-07,4413,2
1501,2022-12-07,4415,2
1502,2022-12-07,4418,2
1503,2022-12-07,4427,1
1504,2022-12-07,4428,4
1505,2022-12-08,4430,1
1506,2022-12-08,4432,1
1507,2022-12-08,4437,4
1508,2022-12-08,4439,1
1509,2022-12-08,4444,1
1510,2022-12-08,4454,1
1511,2022-12-08,4455,1
1512,2022-12-08,4458,3
1513,2022-12-08,4466,1
1514,2022-12-08,4468,3
1515,2022-12-08,4473,3
1516,2022-12-08,4483,1
1517,2022-12-08,4486,1
1518,2022-12-09,4489,4
1519,2022-12-09,4491,3
1520,2022-12-09,4492,1
1521,2022-12-09,4494,2
1522,2022-12-09,4500,1
1523,2022-12-09,4501,1
1524,2022-12-09,4502,1
1525,2022-12-09,4508,1
1526,2022-12-09,4510,2
1527,2022-12-09,4514,4
1528,2022-12-09,4518,3
1529,2022-12-09,4519,1
1530,2022-12-09,4521,4
1531,2022-12-09,4523,1
1532,2022-12-09,4527,4
1533,2022-12-09,4529,2
1534,2022-12-10,4531,2
1535,2022-12-10,4533,1
1536,2022-12-10,4539,1
1537,2022-12-10,4540,1
1538,2022-12-10,4541,1
1539,2022-12-10,4547,1
1540,2022-12-10,4550,3
1541,2022-12-10,4553,2
1542,2022-12-10,4554,1
1543,2022-12-10,4556,4
1544,2022-12-10,4558,1
1545,2022-12-10,4562,2
1546,2022-12-10,4567,1
1547,2022-12-10,4572,3
1548,2022-12-10,4578,1
1549,2022-12-10,4580,1
1550,2022-12-10,4582,2
1551,2022-12-10,4586,3
1552,2022-12-10,4596,1
1553,2022-12-10,4597,1
1554,2022-12-10,4600,2
1555,2022-12-10,4601,2
1556,2022-12-10,4603,1
1557,2022-12-10,4604,2
1558,2022-12-11,4605,4
1559,2022-12-11,4608,3
1560,2022-12-11,4614,1
1561,2022-12-11,4616,1
1562,2022-12-11,4617,1
1563,2022-12-11,4618,2
1564,2022-12-11,4620,1
1565,2022-12-11,4622,2
1566,2022-12-11,4624,1
1567,2022-12-11,4626,2
1568,2022-12-11,4628,4
1569,2022-12-11,4630,3
1570,2022-12-11,4631,4
1571,2022-12-11,4632,4
1572,2022-12-11,4635,2
1573,2022-12-11,4636,1
1574,2022-12-12,4637,2
1575,2022-12-12,4639,2
1576,2022-12-12,4640,1
1577,2022-12-12,4653,2
1578,2022-12-12,4659,1
1579,2022-12-12,4672,3
1580,2022-12-12,4673,3
1581,2022-12-12,4679,1
1582,2022-12-12,4680,1
1583,2022-12-12,4685,2
1584,2022-12-12,4687,2
1585,2022-12-12,4691,1
1586,2022-12-13,4695,2
1587,2022-12-13,4696,1
1588,2022-12-13,4697,1
1589,2022-12-13,4699,1
1590,2022-12-13,4700,4
1591,2022-12-13,4701,2
1592,2022-12-13,4705,1
1593,2022-12-13,4706,2
1594,2022-12-13,4714,2
1595,2022-12-13,4716,2
1596,2022-12-14,4720,3
1597,2022-12-14,4721,2
1598,2022-12-14,4724,4
1599,2022-12-14,4725,2
1600,2022-12-14,4728,1
1601,2022-12-14,4734,4
1602,2022-12-14,4738,4
1603,2022-12-14,4741,1
1604,2022-12-14,4742,2
1605,2022-12-15,4744,1
1606,2022-12-15,4746,1
1607,2022-12-15,4747,3
1608,2022-12-15,4758,4
1609,2022-12-15,4759,1
1610,2022-12-15,4766,4
1611,2022-12-15,4773,2
1612,2022-12-15,4774,1
1613,2022-12-15,4776,1
1614,2022-12-15,4781,4
1615,2022-12-15,4786,2
1616,2022-12-15,4787,1
1617,2022-12-15,4789,2
1618,2022-12-15,4791,3
1619,2022-12-15,4793,1
1620,2022-12-15,4796,2
1621,2022-12-16,4799,1
1622,2022-12-16,4800,1
1623,2022-12-16,4805,1
1624,2022-12-16,4806,3
1625,2022-12-16,4810,2
1626,2022-12-16,4811,2
1627,2022-12-16,4812,1
1628,2022-12-17,4817,4
1629,2022-12-17,4818,4
1630,2022-12-17,4822,2
1631,2022-12-17,4828,3
1632,2022-12-17,4829,1
1633,2022-12-17,4830,1
1634,2022-12-17,4832,1
1635,2022-12-17,4833,4
1636,2022-12-17,4842,2
1637,2022-12-17,4843,1
1638,2022-12-17,4844,4
1639,2022-12-17,4849,1
1640,2022-12-17,4850,1
1641,2022-12-17,4854,2
1642,2022-12-17,4856,1
1643,2022-12-17,4858,3
1644,2022-12-18,4860,1
1645,2022-12-18,4861,2
1646,2022-12-18,4862,1
1647,2022-12-18,4863,2
1648,2022-12-18,4866,1
1649,2022-12-18,4869,3
1650,2022-12-18,4872,2
1651,2022-12-18,4873,3
1652,2022-12-18,4874,1
1653,2022-12-18,4878,1
1654,2022-12-18,4882,1
1655,2022-12-18,4887,2
1656,2022-12-18,4894,3
1657,2022-12-18,4895,1
1658,2022-12-18,4901,1
1659,2022-12-18,4903,2
1660,2022-12-18,4916,2
1661,2022-12-18,4918,2
1662,2022-12-18,4924,2
1663,2022-12-18,4928,2
1664,2022-12-18,4929,1
1665,2022-12-18,4932,2
1666,2022-12-19,4934,2
1667,2022-12-19,4936,3
1668,2022-12-19,4939,2
1669,2022-12-19,4943,2
1670,2022-12-19,4944,2
1671,2022-12-19,4946,3
1672,2022-12-19,4949,1
1673,2022-12-19,4952,2
1674,2022-12-19,4953,4
1675,2022-12-20,4959,2
1676,2022-12-20,4965,1
1677,2022-12-20,4967,1
1678,2022-12-20,4973,2
1679,2022-12-20,4974,1
1680,2022-12-20,4987,3
1681,2022-12-20,4988,1
1682,2022-12-20,4989,3
1683,2022-12-20,4997,2
1684,2022-12-21,4998,1
1685,2022-12-21,2510,2
1686,2022-12-21,3535,2
1687,2022-12-21,754,3
1688,2022-12-21,3482,2
1689,2022-12-21,1770,3
1690,2022-12-21,1025,1
1691,2022-12-21,4630,2
1692,2022-12-21,4486,2
1693,2022-12-21,1431,1
1694,2022-12-21,119,1
1695,2022-12-22,227,3
1696,2022-12-22,4806,1
1697,2022-12-22,650,1
1698,2022-12-22,4180,3
1699,2022-12-22,3050,1
1700,2022-12-22,3414,1
1701,2022-12-22,4987,2
1702,2022-12-23,498,1
1703,2022-12-23,4381,3
1704,2022-12-23,2250,3
1705,2022-12-23,744,1
1706,2022-12-23,4862,1
1707,2022-12-23,1085,2
1708,2022-12-23,3107,4
1709,2022-12-23,4758,1
1710,2022-12-23,1392,3
1711,2022-12-23,1845,2
1712,2022-12-23,319,3
1713,2022-12-23,4603,4
1714,2022-12-23,1705,1
1715,2022-12-23,80,4
1716,2022-12-23,2736,1
1717,2022-12-24,966,1
1718,2022-12-24,4326,3
1719,2022-12-24,4924,1
1720,2022-12-24,3634,1
1721,2022-12-24,4806,2
1722,2022-12-24,2,1
1723,2022-12-24,1076,1
1724,2022-12-24,216,5
1725,2022-12-24,133,2
1726,2022-12-24,1678,1
1727,2022-12-24,4092,1
1728,2022-12-24,1609,1
1729,2022-12-25,841,3
1730,2022-12-25,4313,2
1731,2022-12-25,2189,2
1732,2022-12-25,4858,1
1733,2022-12-25,2172,2
1734,2022-12-25,3180,4
1735,2022-12-25,834,1
1736,2022-12-25,2146,1
1737,2022-12-25,2937,2
1738,2022-12-25,2665,4
1739,2022-12-25,305,1
1740,2022-12-25,2483,2
1741,2022-12-25,340,3
1742,2022-12-25,1840,4
1743,2022-12-25,3409,2
1744,2022-12-25,2989,1
1745,2022-12-25,2460,1
1746,2022-12-25,1679,3
1747,2022-12-25,4856,2
1748,2022-12-26,256,2
1749,2022-12-26,1837,1
1750,2022-12-26,2961,4
1751,2022-12-26,3346,1
1752,2022-12-26,500,1
1753,2022-12-26,3040,2
1754,2022-12-26,4714,1
1755,2022-12-26,3386,2
1756,2022-12-26,1775,1
1757,2022-12-26,2221,1
1758,2022-12-26,4220,3
1759,2022-12-26,59,1
1760,2022-12-26,4121,1
1761,2022-12-27,2766,2
1762,2022-12-27,1544,2
1763,2022-12-27,584,2
1764,2022-12-27,3151,1
1765,2022-12-27,1900,4
1766,2022-12-27,2146,1
1767,2022-12-27,4987,1
1768,2022-12-27,4354,2
1769,2022-12-27,4521,2
1770,2022-12-27,2564,5
1771,2022-12-27,3929,3
1772,2022-12-27,2987,2
1773,2022-12-27,1642,2
1774,2022-12-27,616,2
1775,2022-12-27,4454,1
1776,2022-12-27,4699,1
1777,2022-12-27,3475,1
1778,2022-12-27,1285,1
1779,2022-12-27,3523,1
1780,2022-12-27,4699,2
1781,2022-12-28,1355,3
1782,2022-12-28,3893,1
1783,2022-12-28,1821,1
1784,2022-12-28,2140,4
1785,2022-12-28,4329,1
1786,2022-12-28,1773,1
1787,2022-12-28,3347,2
1788,2022-12-28,4601,2
1789,2022-12-28,1955,3
1790,2022-12-28,1113,2
1791,2022-12-28,4386,2
1792,2022-12-28,236,3
1793,2022-12-29,4121,1
1794,2022-12-29,1021,1
1795,2022-12-29,4030,1
1796,2022-12-29,4166,3
1797,2022-12-29,1096,1
1798,2022-12-29,2678,2
1799,2022-12-29,4849,2
1800,2022-12-29,550,2
1801,2022-12-29,4805,1
1802,2022-12-29,441,2
1803,2022-12-29,3541,3
1804,2022-12-29,835,2
1805,2022-12-30,3909,3
1806,2022-12-30,1824,3
1807,2022-12-30,4695,2
1808,2022-12-30,3897,1
1809,2022-12-30,4226,2
1810,2022-12-30,4632,1
1811,2022-12-30,1463,1
1812,2022-12-30,4860,1
1813,2022-12-30,2149,2
1814,2022-12-30,2085,3
1815,2022-12-31,2880,1
1816,2022-12-31,3249,2
1817,2022-12-31,4997,1
1818,2022-12-31,3021,1
1819,2022-12-31,80,1
1820,2022-12-31,1840,3
1821,2022-12-31,3659,1
1822,2022-12-31,1773,3
1823,2022-12-31,1640,2
1824,2022-12-31,2360,1
1825,2022-12-31,3386,1
1826,2022-12-31,3228,1
